City_ID,City,Country,Latitude,Longitude,Max Temp (F),Humidity (%),Cloudiness (%),Wind Speed (mph),Date (Unix)
0,castro,BR,-24.7911,-50.0119,72.86,57,100,6.78,1635017182
1,sur,OM,22.5667,59.5289,81.7,60,0,7.65,1635017341
2,torbay,CA,47.6666,-52.7314,63.37,90,75,13.8,1635017342
3,jamestown,US,42.097,-79.2353,51.39,92,90,5.01,1635017259
4,faya,SA,18.3851,42.4509,63.12,28,3,6.02,1635017344
5,puerto leguizamo,CO,-0.1934,-74.7819,92.71,43,82,4.12,1635017345
6,cherskiy,RU,68.75,161.3,-1.66,99,98,2.39,1635017345
7,balikpapan,ID,-1.2675,116.8289,75.76,90,100,2.66,1635017346
8,georgetown,MY,5.4112,100.3354,80.89,86,20,0,1635017347
9,rikitea,PF,-23.1203,-134.9692,74.77,82,96,20.58,1635017348
10,barrow,US,71.2906,-156.7887,28.42,86,90,17.27,1635017349
11,vardo,NO,70.3705,31.1107,33.89,74,100,16.58,1635017349
12,dikson,RU,73.5069,80.5464,9.82,87,98,12.91,1635017350
13,la brea,HN,15.8,-85.9667,87.31,62,75,5.75,1635017351
14,sawakin,SD,19.1059,37.3321,82.53,74,2,7.54,1635017352
15,vaini,TO,-21.2,-175.2,71.76,83,75,12.66,1635017353
16,estelle,US,29.8458,-90.1067,86,61,75,10.36,1635017353
17,salinas,US,36.6777,-121.6555,67.82,62,1,3.44,1635017354
18,bambous virieux,MU,-20.3428,57.7575,75.45,78,40,12.66,1635017325
19,hirara,JP,24.8,125.2833,76.15,62,100,14.05,1635017356
20,kapaa,US,22.0752,-159.319,80.58,80,20,4,1635017174
21,tilichiki,RU,60.4667,166.1,6.35,88,98,8.19,1635017357
22,atambua,ID,-9.1061,124.8925,75.99,84,46,2.13,1635017358
23,albany,US,42.6001,-73.9662,55.45,58,96,1.01,1635017177
24,haines junction,CA,60.7522,-137.5108,31.95,86,100,0,1635017360
25,smirnykh,RU,49.75,142.8333,30.18,89,2,3.69,1635017361
26,saint george,US,37.1041,-113.5841,77.47,22,1,7,1635017337
27,hauterive,FR,46.0901,3.4459,41.76,83,3,4.03,1635017362
28,makakilo city,US,21.3469,-158.0858,80.92,56,1,11.5,1635017363
29,yellowknife,CA,62.456,-114.3525,43.32,79,40,17.27,1635017364
30,nikolskoye,RU,59.7035,30.7861,36.88,88,100,9.06,1635017365
31,lapy,PL,52.9911,22.8842,41.49,82,95,12.21,1635017366
32,chuy,UY,-33.6971,-53.4616,64.08,63,100,0.81,1635017367
33,ilo,PE,-17.6394,-71.3375,65.26,68,0,11.5,1635017367
34,najran,SA,17.4924,44.1277,68.65,25,9,2.01,1635017368
35,alexandria,EG,31.2156,29.9553,71.56,60,40,8.05,1635017369
36,palmer,US,42.1584,-72.3287,61.65,48,40,1.01,1635017370
37,lat yao,TH,15.751,99.7893,73.56,91,21,2.8,1635017371
38,ushuaia,AR,-54.8,-68.3,33.46,93,75,29.93,1635017371
39,busselton,AU,-33.65,115.3333,52.09,79,100,5.64,1635017372
40,komsomolskiy,UZ,40.4272,71.7189,42.22,65,0,6.91,1635017373
41,flinders,AU,-34.5833,150.8552,62.2,86,78,4,1635017374
42,kangaatsiaq,GL,68.3065,-53.4641,27.81,76,100,8.23,1635017375
43,norman wells,CA,65.282,-126.8329,41.04,70,20,5.75,1635017375
44,punta arenas,CL,-53.15,-70.9167,44.71,49,75,36.82,1635017347
45,velyka bahachka,UA,49.7912,33.7226,43.83,54,0,6.46,1635017377
46,weihai,CN,37.5017,122.1136,52.52,62,1,4.56,1635017378
47,el alto,PE,-4.2714,-81.2147,71.26,69,99,16.78,1635017379
48,cape town,ZA,-33.9258,18.4232,60.28,71,75,1.01,1635017340
49,carnarvon,AU,-24.8667,113.6333,66.27,77,0,10.36,1635017318
50,port alfred,ZA,-33.5906,26.891,61.21,70,0,27.11,1635017110
51,kintampo,GH,8.0563,-1.7306,74.43,90,53,5.66,1635017383
52,kenai,US,60.5544,-151.2583,43.14,87,90,17.27,1635017383
53,danjiangkou,CN,32.5428,111.5086,51.62,67,5,2.89,1635017384
54,bredasdorp,ZA,-34.5322,20.0403,56.28,76,39,3.44,1635017385
55,the valley,AI,18.217,-63.0578,87.82,65,20,13.8,1635017340
56,cockburn town,TC,21.4612,-71.1419,85.96,62,75,11.5,1635017386
57,mahebourg,MU,-20.4081,57.7,75.49,78,40,12.66,1635017387
58,lebu,CL,-37.6167,-73.65,54.73,69,27,9.46,1635017334
59,vao,NC,-22.6667,167.4833,71.73,80,32,15.55,1635017389
60,saint-philippe,RE,-21.3585,55.7679,73.47,82,82,12.62,1635017390
61,pushkinskiye gory,RU,57.0209,28.9103,38.41,96,100,11.03,1635017391
62,hobart,AU,-42.8794,147.3294,51.03,92,75,3,1635017144
63,colomi,BO,-17.35,-65.8667,82.42,66,80,11.41,1635017393
64,kendari,ID,-3.945,122.4989,75.2,93,100,3.2,1635017394
65,cidreira,BR,-30.1811,-50.2056,68.05,89,100,10.58,1635017342
66,coquimbo,CL,-29.9533,-71.3436,62.33,59,0,13.8,1635017365
67,codrington,AU,-38.2667,141.9667,47.61,79,40,12.75,1635017395
68,saint-pierre,RE,-21.3393,55.4781,73.56,83,0,5.75,1635017396
69,khor,RU,47.8861,134.9464,37.31,77,0,10.6,1635017397
70,marawi,PH,7.9986,124.2928,66.65,91,93,4,1635017398
71,myre,NO,69.1036,15.9492,37.35,72,95,13.85,1635017399
72,touros,BR,-5.1989,-35.4608,85.1,63,4,13.02,1635017399
73,hilo,US,19.7297,-155.09,77.25,96,90,7.18,1635017180
74,saint-francois,FR,46.4154,3.9054,40.44,88,0,2.3,1635017401
75,lompoc,US,34.6391,-120.4579,73.69,60,1,14.97,1635017361
76,santa ines,BR,-3.6667,-45.38,84.09,70,93,4.59,1635017403
77,lafayette,US,30.2335,-92.0668,84.97,65,75,1.01,1635017263
78,mikhaylovka,RU,50.06,43.2379,54.5,72,100,12.48,1635017405
79,hofn,IS,64.2539,-15.2082,45.16,94,97,7.02,1635017406
80,clarence town,AU,-32.5833,151.7833,65.8,94,60,6.73,1635017407
81,sampit,ID,-2.5333,112.95,74.17,98,69,0.65,1635017409
82,cachoeiras de macacu,BR,-22.4625,-42.6531,83.32,71,6,3.31,1635017410
83,victoria,HK,22.2855,114.1577,70.25,80,100,3,1635017411
84,kamenka,RU,51.3223,42.7678,45.64,78,10,7.38,1635017413
85,kapoeta,SS,4.7717,33.5903,84.24,37,31,5.59,1635017414
86,khatanga,RU,71.9667,102.5,10.11,93,100,16.87,1635017415
87,salalah,OM,17.0151,54.0924,77.09,73,0,3.44,1635017339
88,ponta do sol,PT,32.6667,-17.1,70.43,54,25,6.51,1635017416
89,qaanaaq,GL,77.484,-69.3632,-1.52,58,0,8.05,1635017417
90,hasaki,JP,35.7333,140.8333,39.6,50,1,7.61,1635017418
91,pringsewu,ID,-5.3582,104.9744,73.17,95,86,1.03,1635017419
92,san felipe,VE,10.3399,-68.7425,78.78,89,75,5.7,1635017420
93,lovozero,RU,68.005,35.0117,25.61,88,100,10.6,1635017420
94,lokosovo,RU,61.1333,74.8167,41.58,93,100,14.03,1635017421
95,valparaiso,CL,-33.0393,-71.6273,71.24,45,0,17.27,1635017357
96,esperance,AU,-33.8667,121.9,51.64,67,50,16.46,1635017423
97,puerto ayora,EC,-0.7393,-90.3518,78.76,83,100,9.73,1635017424
98,east london,ZA,-33.0153,27.9116,62.17,66,49,20.87,1635017424
99,mantua,IT,45.1667,10.7833,61.74,92,49,1.01,1635017426
100,sananduva,BR,-27.9497,-51.8067,59.4,98,100,11.3,1635017427
101,christchurch,NZ,-43.5333,172.6333,56.03,85,90,1.01,1635017351
102,arraial do cabo,BR,-22.9661,-42.0278,76.96,69,0,18.41,1635017428
103,grindavik,IS,63.8424,-22.4338,46.87,93,75,11.5,1635017316
104,sao filipe,CV,14.8961,-24.4956,80.06,68,3,6.91,1635017383
105,saint-joseph,RE,-21.3667,55.6167,72.46,82,45,8.19,1635017430
106,tambopata,PE,-12.7333,-69.1833,96.69,46,40,9.22,1635017431
107,kieta,PG,-6.2167,155.6333,78.49,80,20,2.75,1635017383
108,diu,IN,20.7141,70.9822,76.42,68,0,8.99,1635017432
109,ranong,TH,9.9658,98.6348,77.02,92,100,4.7,1635017433
110,atuona,PF,-9.8,-139.0333,78.15,78,12,18.34,1635016951
111,atar,MR,20.5169,-13.0499,83.61,14,0,7.83,1635017434
112,butaritari,KI,3.0707,172.7902,81,73,100,7.18,1635017435
113,asau,RO,46.4333,26.4,47.39,63,100,2.13,1635017436
114,eureka,US,40.8021,-124.1637,60.21,95,100,10.74,1635017386
115,alizai,PK,33.5383,70.3462,59.23,34,0,3.22,1635017437
116,tanggu,CN,39.0211,117.6469,44.56,50,32,5.77,1635017438
117,yeppoon,AU,-23.1333,150.7333,74.98,89,79,5.23,1635017439
118,gat,IL,31.61,34.7642,72.09,100,0,5.66,1635017440
119,daru,PG,-9.0763,143.2092,79.72,82,90,13.71,1635017441
120,fort nelson,CA,58.8053,-122.7002,29.79,100,40,2.3,1635017442
121,tessalit,ML,20.1986,1.0114,88.86,16,34,9.37,1635017442
122,olafsvik,IS,64.8945,-23.7142,45.46,92,100,12.55,1635017443
123,omsukchan,RU,62.5333,155.8,-1.8,96,97,3.11,1635017444
124,batsfjord,NO,70.6345,29.7185,32.11,74,95,14.58,1635017445
125,susangerd,IR,31.5608,48.1831,68.02,20,0,8.84,1635017446
126,iqaluit,CA,63.7506,-68.5145,35.33,69,40,18.01,1635017447
127,kushima,JP,31.4583,131.2333,54.12,78,39,7.99,1635017447
128,mataura,NZ,-46.1927,168.8643,51.31,96,100,0.27,1635017448
129,tabou,CI,4.423,-7.3528,76.93,89,38,7.49,1635017449
130,talnakh,RU,69.4865,88.3972,22.01,96,100,6.93,1635017450
131,zlitan,LY,32.4674,14.5687,80.85,41,100,8.9,1635017153
132,souillac,MU,-20.5167,57.5167,75.58,78,40,12.66,1635017451
133,narsaq,GL,60.9167,-46.05,35.82,72,70,1.14,1635017452
134,ilulissat,GL,69.2167,-51.1,19.42,79,90,23.02,1635017453
135,pevek,RU,69.7008,170.3133,10.94,95,100,5.61,1635017393
136,karratha,AU,-20.7377,116.8463,79.43,40,77,5.37,1635017379
137,tasiilaq,GL,65.6145,-37.6368,33.96,86,100,4.85,1635017455
138,pangnirtung,CA,66.1451,-65.7125,30.2,93,90,0,1635017456
139,palimbang,PH,6.2106,124.1894,78.01,83,97,3.13,1635017457
140,ribeira grande,PT,38.5167,-28.7,68.4,73,75,4.61,1635017458
141,surkhakhi,RU,43.1875,44.9019,40.78,63,0,4,1635017459
142,sorland,NO,67.667,12.6934,42.44,58,97,8.16,1635017460
143,acapulco,MX,16.8634,-99.8901,77.29,90,100,10.29,1635017349
144,mlonggo,ID,-6.5333,110.7,79.23,81,74,3.65,1635017462
145,luwuk,ID,-0.9516,122.7875,76.64,79,99,3.18,1635017463
146,mar del plata,AR,-38.0023,-57.5575,68.02,60,75,1.99,1635017222
147,san patricio,US,28.017,-97.5169,89.69,49,18,14.94,1635017465
148,lagos,NG,6.5833,3.75,77.32,94,100,4.7,1635017301
149,upernavik,GL,72.7868,-56.1549,20.05,82,100,8.14,1635017466
150,batemans bay,AU,-35.7167,150.1833,58.1,91,99,3.98,1635017467
151,coihaique,CL,-45.5752,-72.0662,54.21,40,40,16.11,1635017468
152,takaungu,KE,-3.6837,39.8566,79.29,84,38,6.87,1635017469
153,sainte-maxime,FR,43.3,6.6333,63.95,76,0,7.74,1635017470
154,bluff,NZ,-46.6,168.3333,51.57,93,100,3.58,1635017471
155,aklavik,CA,68.2191,-135.0107,29.23,93,75,5.75,1635017471
156,palafrugell,ES,41.9174,3.1631,60.46,47,8,1.01,1635017472
157,kizilskoye,RU,52.7255,58.8937,46.76,81,100,10.07,1635017473
158,naze,JP,28.3667,129.4833,68.04,74,100,17.78,1635017474
159,clyde river,CA,70.4692,-68.5914,21.88,80,93,15.86,1635017475
160,ambulu,ID,-8.345,113.6058,75.87,85,100,2.06,1635017475
161,ancud,CL,-41.8697,-73.8203,57.42,60,4,11.14,1635017476
162,kisangani,CD,0.5167,25.2,72.48,90,99,2.64,1635017477
163,nouakchott,MR,18.0858,-15.9785,80.53,55,0,17.29,1635017382
164,puerto escondido,MX,15.85,-97.0667,83.23,69,90,5.75,1635017478
165,takoradi,GH,4.8845,-1.7554,78.33,84,100,6.29,1635017479
166,airai,TL,-8.9266,125.4092,61.14,83,14,1.72,1635017347
167,jalu,LY,29.0331,21.5482,74.37,32,1,10.49,1635017481
168,hermanus,ZA,-34.4187,19.2345,57.9,70,7,5.91,1635017365
169,kavieng,PG,-2.5744,150.7967,81.5,78,96,13.2,1635017482
170,tuktoyaktuk,CA,69.4541,-133.0374,28.4,93,75,9.22,1635017483
171,cabo san lucas,MX,22.8909,-109.9124,90.61,58,20,11.5,1635017484
172,yarada,IN,17.65,83.2667,80.92,89,75,2.3,1635017485
173,praia da vitoria,PT,38.7333,-27.0667,68.25,83,40,11.68,1635017486
174,palmeiras de goias,BR,-16.805,-49.9258,87.69,41,99,12.37,1635017487
175,paamiut,GL,61.994,-49.6678,32.49,52,99,21.16,1635017488
176,alofi,NU,-19.0595,-169.9187,76.89,61,89,13.8,1635017489
177,obertyn,UA,48.7003,25.1701,43.77,64,64,8.01,1635017490
178,te anau,NZ,-45.4167,167.7167,49.98,96,100,1.5,1635017489
179,vostok,RU,46.4856,135.8833,28.47,89,7,5.97,1635017491
180,voh,NC,-20.9667,164.7,72.18,81,10,5.57,1635017492
181,orocue,CO,4.7912,-71.3354,86.29,62,95,10.2,1635017493
182,mandalay,MM,21.9747,96.0836,73.35,91,89,2.82,1635017493
183,srednekolymsk,RU,67.45,153.6833,-14.44,99,35,4.16,1635017494
184,chicama,PE,-7.8447,-79.1469,63.14,62,22,11.16,1635017495
185,hualmay,PE,-11.0964,-77.6139,68.22,71,12,12.57,1635017496
186,prince rupert,CA,54.3161,-130.3201,47.89,76,90,21.85,1635017497
187,nakhon phanom,TH,17.3333,104.4167,65.01,84,100,3.44,1635017497
188,diamantino,BR,-14.4086,-56.4461,91.31,45,100,9.78,1635017498
189,agirish,RU,61.9247,63.0231,37.99,85,96,14,1635017499
190,mount gambier,AU,-37.8333,140.7667,46.31,93,90,8.05,1635017500
191,namibe,AO,-15.1961,12.1522,65.97,70,47,11.18,1635017501
192,fukue,JP,32.6881,128.8419,64.4,57,91,15.61,1635017501
193,tevaitoa,PF,-16.7833,-151.5,78.15,74,95,4.61,1635017503
194,hithadhoo,MV,-0.6,73.0833,82.24,74,79,12.35,1635017504
195,chokurdakh,RU,70.6333,147.9167,-2.47,98,100,6.02,1635017324
196,port-cartier,CA,50.0334,-66.8654,48.74,93,100,5.99,1635017505
197,narrabri,AU,-30.3167,149.7833,60.89,63,0,4.61,1635017506
198,ushtobe,KZ,45.2514,77.9838,41.54,51,11,6.15,1635017507
199,leo,BF,11.1,-2.1,79.75,64,100,2.24,1635017508
200,thompson,CA,55.7435,-97.8558,33.96,80,90,0,1635017509
201,xining,CN,36.6167,101.7667,40.6,85,98,0.65,1635017510
202,katsuura,JP,35.1333,140.3,53.71,59,6,7.43,1635017510
203,sarkand,KZ,45.41,79.9186,38.23,39,4,4.88,1635017512
204,kaitangata,NZ,-46.2817,169.8464,51.64,85,100,1.41,1635017513
205,faanui,PF,-16.4833,-151.75,78.06,73,100,3.04,1635017513
206,cap malheureux,MU,-19.9842,57.6142,75.69,75,99,5.01,1635017514
207,santa maria,BR,-29.6842,-53.8069,65.5,94,90,4.61,1635017330
208,portlethen,GB,57.0547,-2.1307,53.82,77,75,1.01,1635017515
209,nevers,FR,46.9167,3.3333,43.39,82,4,3.6,1635017471
210,jiaocheng,CN,24.6774,116.1389,58.01,95,100,2.64,1635017517
211,harper,LR,4.375,-7.7169,77.22,89,85,7.49,1635017518
212,bom jesus,BR,-9.0744,-44.3586,73.72,95,100,5.32,1635017519
213,bani,DO,18.2833,-70.3333,89.04,62,8,12.12,1635017520
214,bartica,GY,6.4,-58.6167,79.12,97,100,3.56,1635017521
215,hamilton,US,39.1834,-84.5333,60.73,67,90,1.01,1635017521
216,guanica,PR,17.9716,-66.908,89.2,64,6,10,1635017523
217,caravelas,BR,-17.7125,-39.2481,76.6,76,26,7.58,1635017523
218,beringovskiy,RU,63.05,179.3167,10.62,79,3,10.11,1635017524
219,avarua,CK,-21.2078,-159.775,73.45,56,20,10.36,1635017525
220,russell,US,32.3502,-85.1999,76.28,40,1,0,1635017526
221,geraldton,AU,-28.7667,114.6,54.01,94,6,4.61,1635017476
222,cornwall,CA,45.0181,-74.7281,48.61,53,40,8.05,1635017528
223,new norfolk,AU,-42.7826,147.0587,50.67,81,100,5.99,1635017529
224,talara,PE,-4.5772,-81.2719,74.16,60,0,20.71,1635017530
225,longyearbyen,SJ,78.2186,15.6401,21.04,79,40,5.75,1635017531
226,constitucion,CL,-35.3333,-72.4167,58.82,61,0,20.15,1635017456
227,verkhnyaya inta,RU,65.9811,60.3094,25.25,92,98,16.33,1635017532
228,dwarka,IN,22.2394,68.9678,81.72,62,87,16.37,1635017533
229,la asuncion,VE,11.0333,-63.8628,87.53,66,20,23.02,1635017534
230,isangel,VU,-19.55,169.2667,75.74,80,90,10.78,1635017535
231,matelandia,BR,-25.2408,-53.9964,73.31,96,100,1.57,1635017535
232,birao,CF,10.2849,22.7882,76.53,73,98,4.65,1635017536
233,vilhena,BR,-12.7406,-60.1458,88.02,55,40,13.8,1635017327
234,kulu,TR,39.0951,33.0799,54.52,28,0,2.48,1635017538
235,vestmanna,FO,62.1564,-7.1664,49.12,100,90,11.5,1635017539
236,yinchuan,CN,38.4681,106.2731,49.51,50,0,0.69,1635017540
237,pisco,PE,-13.7,-76.2167,69.85,64,0,19.57,1635017540
238,san cristobal,VE,7.7669,-72.225,82.58,56,91,4.27,1635017541
239,severo-kurilsk,RU,50.6789,156.125,39.47,79,100,9.66,1635017542
240,mount isa,AU,-20.7333,139.5,69.57,73,6,0,1635017472
241,la ronge,CA,55.1001,-105.2842,37.65,70,90,14.97,1635017543
242,poso,ID,-1.3959,120.7524,76.05,83,100,3.89,1635017544
243,gimli,CA,50.6336,-96.9907,41.43,75,74,5.75,1635017545
244,quang ngai,VN,15.1167,108.8,76.42,92,100,10.69,1635017546
245,tezu,IN,27.9167,96.1667,70.57,71,66,2.75,1635017547
246,alice springs,AU,-23.7,133.8833,69.35,32,99,12.66,1635017479
247,husavik,IS,66.0449,-17.3389,40.62,97,100,3.29,1635017548
248,skegness,GB,53.1436,0.3363,53.89,78,94,17.02,1635017549
249,taoudenni,ML,22.6783,-3.9836,86.79,18,0,4.88,1635017550
250,foumbot,CM,5.5079,10.6356,64.36,96,84,2.15,1635017551
251,urumqi,CN,43.801,87.6005,34.75,87,0,2.24,1635017552
252,dingle,PH,10.9995,122.6711,74.98,94,100,4.7,1635017553
253,aguilas,ES,37.4063,-1.5829,68.2,68,3,5.46,1635017554
254,ostrovnoy,RU,68.0531,39.5131,27.72,95,100,18.79,1635017555
255,basco,PH,20.4487,121.9702,79.84,80,64,22.44,1635017556
256,port-gentil,GA,-0.7193,8.7815,77.83,83,42,9.37,1635017556
257,klaksvik,FO,62.2266,-6.589,50.92,91,100,22.48,1635017557
258,monrovia,LR,6.3005,-10.7969,78.73,83,97,7.07,1635017558
259,staryy nadym,RU,65.6118,72.6842,34.16,93,100,14,1635017559
260,mutsu,JP,41.2894,141.2169,51.01,72,64,10.49,1635017560
261,bundaberg,AU,-24.85,152.35,74.21,94,55,1.01,1635017560
262,portland,US,45.5234,-122.6762,54.99,94,90,1.99,1635017060
263,mehamn,NO,71.0357,27.8492,35.1,59,100,18.92,1635017562
264,tirumullaivasal,IN,11.2333,79.8333,78.69,86,14,7.43,1635017563
265,provideniya,RU,64.3833,-173.3,22.95,78,100,8.93,1635017564
266,saldanha,ZA,-33.0117,17.9442,57.25,72,35,6.89,1635017565
267,svetlyy,RU,54.675,20.1347,44.65,68,97,13.44,1635017566
268,shenjiamen,CN,29.9576,122.298,64.58,60,100,10.92,1635017567
269,nhulunbuy,AU,-12.2333,136.7667,77.61,88,7,0,1635017567
270,saint-leu,RE,-21.15,55.2833,72.95,96,20,4.29,1635017568
271,abha,SA,18.2164,42.5053,62.85,22,0,3.44,1635017569
272,san ignacio,BZ,17.1561,-89.0714,89.74,66,75,3.44,1635017570
273,wattegama,LK,6.7989,81.4808,74.03,89,16,2.48,1635017571
274,bilma,NE,18.6853,12.9164,84.85,14,3,7.72,1635017571
275,geilo,NO,60.5333,8.2076,35.69,75,100,5.55,1635017573
276,santa isabel,BR,-23.3156,-46.2214,91.36,34,29,6.55,1635017567
277,gorontalo,ID,0.5412,123.0595,73.94,92,99,2.68,1635017574
278,sycow,PL,51.3081,17.7198,40.35,80,9,8.19,1635017576
279,chilia veche,RO,45.4167,29.2833,55.92,55,80,9.33,1635017576
280,ponte de sor,PT,39.2496,-8.0101,65.01,48,41,5.84,1635017577
281,stephenville,US,32.2207,-98.2023,86.34,53,40,13.8,1635017578
282,hoi an,VN,15.8794,108.335,71.56,90,100,10.07,1635017579
283,waris aliganj,IN,25.0167,85.6333,69.91,76,0,5.1,1635017580
284,bethel,US,41.3712,-73.414,60.55,59,20,1.99,1635017580
285,gotsu,JP,35,132.2167,52.63,68,3,7.74,1635017581
286,vallenar,CL,-28.5708,-70.7581,76.78,21,0,11.05,1635017297
287,atherton,GB,53.5237,-2.4935,53.29,73,100,3,1635017551
288,sieradz,PL,51.5958,18.7302,43.68,85,10,9.95,1635017584
289,kalabo,ZM,-14.97,22.6814,81.68,42,95,3.06,1635017585
290,neryungri,RU,56.6709,124.6491,21.9,87,78,2.91,1635017586
291,riyadh,SA,24.6877,46.7219,80.74,24,0,10.2,1635017417
292,chipata,ZM,-13.6333,32.65,79.83,31,91,5.73,1635017588
293,boa vista,BR,2.8197,-60.6733,91.38,46,40,9.22,1635017589
294,leningradskiy,RU,69.3833,178.4167,8.49,89,100,7.85,1635017590
295,grand gaube,MU,-20.0064,57.6608,75.6,75,99,5.01,1635017590
296,marzuq,YE,14.4,46.4667,72.86,31,10,5.57,1635017591
297,kahului,US,20.8947,-156.47,82.98,77,40,14.97,1635017566
298,cascais,PT,38.6979,-9.4215,67.86,50,0,8.01,1635017593
299,sitka,US,57.0531,-135.33,46.29,76,90,11.5,1635017343
300,vytegra,RU,61.0064,36.4481,34.3,95,100,8.84,1635017594
301,pastavy,BY,55.1168,26.8326,39.04,88,76,11.68,1635017595
302,san vicente,AR,-26.6167,-54.1333,63.25,99,100,3.67,1635017596
303,cheney,US,47.4874,-117.5758,52.77,76,75,8.05,1635017560
304,labuhan,ID,-6.8844,112.2051,79.43,80,97,8.68,1635017598
305,firminy,FR,45.3873,4.2907,41.14,93,0,3.44,1635017598
306,kijang,KR,35.2442,129.2139,56.59,61,26,4.5,1635017338
307,san rafael,AR,-34.6177,-68.3301,74.64,16,0,12.91,1635017600
308,huangnihe,CN,43.5583,128.0239,34.05,73,0,4.54,1635017601
309,turukhansk,RU,65.8167,87.9833,32.34,98,100,13.49,1635017601
310,champerico,GT,14.3,-91.9167,90.95,75,78,6.8,1635017602
311,kidal,ML,18.4411,1.4078,92.53,16,45,6.4,1635017604
312,vigrestad,NO,58.5667,5.7,48,83,100,16.06,1635017604
313,lewiston,US,44.1003,-70.2148,55.31,64,20,4.61,1635017431
314,miranda,CO,3.2499,-76.2281,80.65,73,93,1.21,1635017414
315,kodiak,US,57.79,-152.4072,44.11,76,90,10.36,1635017595
316,limon,CR,10,-83.0333,87.69,66,75,11.5,1635017607
317,cururupu,BR,-1.8283,-44.8683,84,66,100,5.75,1635017608
318,tomatlan,MX,19.9333,-105.25,86.34,69,65,7.31,1635017609
319,bandarbeyla,SO,9.4942,50.8122,77.72,80,22,9.51,1635017609
320,bela,IN,25.9333,81.9833,72.64,62,0,3.87,1635017610
321,iralaya,HN,15,-83.2333,82.63,82,72,8.34,1635017611
322,shingu,JP,33.7333,135.9833,49.17,72,0,5.95,1635017346
323,yulara,AU,-25.2406,130.9889,66.04,37,43,9.22,1635017603
324,vaitape,PF,-16.5167,-151.75,78.15,72,100,2.77,1635017613
325,arrecife,ES,28.963,-13.5477,73.47,53,75,13.8,1635017614
326,minna,NG,9.6139,6.5569,80.31,83,20,3.44,1635017615
327,sao miguel do tapuio,BR,-5.5036,-41.3233,90.63,37,100,4.43,1635017615
328,poltava,UA,49.5937,34.5407,42.26,57,2,6.35,1635017616
329,honiara,SB,-9.4333,159.95,78.75,79,76,2.17,1635017617
330,huilong,CN,31.8111,121.655,63.03,61,100,7.23,1635017618
331,camacha,PT,33.0833,-16.3333,67.42,60,40,9.22,1635017619
332,popondetta,PG,-8.7537,148.2534,71.96,76,95,3.49,1635017619
333,ust-tsilma,RU,65.441,52.1498,23.54,95,15,5.35,1635017620
334,port elizabeth,ZA,-33.918,25.5701,61.11,77,40,21.85,1635017333
335,sri aman,MY,1.2376,111.4621,75.25,94,100,0,1635017622
336,izvoru crisului,RO,46.8333,23.1,42.73,61,45,5.93,1635017622
337,lahij,YE,13.1667,44.5833,78.42,68,76,4.83,1635017623
338,beidao,CN,34.5686,105.8933,45.66,92,100,2.93,1635017624
339,viedma,AR,-40.8135,-62.9967,59.85,20,8,13.8,1635017625
340,saskylakh,RU,71.9167,114.0833,7.39,95,100,16.33,1635017327
341,guerrero negro,MX,27.9769,-114.0611,71.58,60,1,18.86,1635017626
342,antofagasta,CL,-23.65,-70.4,61.88,67,1,11.03,1635017627
343,uyuni,BO,-20.4597,-66.825,64.06,7,1,32.55,1635017628
344,pouebo,NC,-20.4,164.5667,73.8,76,2,5.57,1635017629
345,qaqortoq,GL,60.7167,-46.0333,36.1,73,29,4.45,1635017629
346,staroutkinsk,RU,57.2302,59.3348,40.86,85,35,10.33,1635017630
347,sinnamary,GF,5.3833,-52.95,80.94,84,100,11.07,1635017631
348,matara,LK,5.9485,80.5353,77.83,83,28,8.86,1635017632
349,saint anthony,US,45.0205,-93.218,52.83,50,1,1.99,1635017633
350,aksarka,RU,66.5606,67.7975,27.52,88,90,10.85,1635017633
351,san ramon,US,37.7799,-121.978,67.93,63,75,3,1635017634
352,baishishan,CN,43.5833,127.5667,35.04,75,0,3.47,1635017635
353,vanino,RU,49.0869,140.2543,32.36,89,0,5.73,1635017636
354,ekhabi,RU,53.5102,142.9671,34.9,98,100,12.66,1635017637
355,baykit,RU,61.67,96.37,33.71,93,100,9.17,1635017637
356,gobabis,NA,-22.45,18.9667,69.01,9,0,6.64,1635017638
357,sibolga,ID,1.7427,98.7792,75.88,91,100,4.07,1635017639
358,mpulungu,ZM,-8.7623,31.1141,80.46,51,58,5.68,1635017640
359,gombong,ID,-7.6072,109.5142,79.83,88,100,3.78,1635017641
360,puerto colombia,CO,10.9878,-74.9547,86.09,71,46,5.39,1635017642
361,siddapur,IN,14.3333,74.8833,67.89,97,98,2.84,1635017643
362,leshukonskoye,RU,64.8989,45.7622,22.64,95,83,3.89,1635017644
363,sile,TR,41.1754,29.6133,59.67,69,96,4.76,1635017646
364,manacapuru,BR,-3.2997,-60.6206,90.18,48,100,4.09,1635017376
365,baghdad,IQ,33.3406,44.4009,71.51,35,0,3.44,1635017481
366,niquelandia,BR,-14.4739,-48.4597,85.95,47,100,5.26,1635017648
367,krasnoselkup,RU,65.7,82.4667,32.4,99,100,8.59,1635017609
368,yumen,CN,40.2833,97.2,41.85,40,100,6.26,1635017649
369,lumphat,KH,13.4878,106.9816,70.02,95,99,3,1635017650
370,arklow,IE,52.7931,-6.1414,56.98,83,100,24.9,1635017651
371,tigzirt,DZ,36.8886,4.1198,64.13,86,92,7.31,1635017652
372,maniitsoq,GL,65.4167,-52.9,26.85,48,100,6.67,1635017653
373,pagudpud,PH,18.5616,120.7868,78.1,88,92,13.27,1635017653
374,aban,RU,56.67,96.06,39.81,59,100,16.89,1635017654
375,sept-iles,CA,50.2001,-66.3821,49.05,98,90,5.01,1635017412
376,pierreville,CA,46.0703,-72.8112,46.8,57,89,6.91,1635017656
377,zhezkazgan,KZ,47.8043,67.7144,43.66,42,20,8.86,1635017656
378,mackay,AU,-21.15,149.2,76.05,94,40,5.75,1635017657
379,solyanka,RU,46.3889,48.0176,51.75,93,2,6.71,1635017658
380,itoman,JP,26.1247,127.6694,73.42,64,75,8.05,1635017659
381,bansko,BG,41.8383,23.4885,51.96,91,61,1.72,1635017660
382,sao joao da barra,BR,-21.6403,-41.0511,77.09,82,14,17.11,1635017660
383,gwadar,PK,25.1216,62.3254,78.6,67,0,2.64,1635017661
384,akom,CM,2.6678,12.7109,67.8,96,14,2.75,1635017662
385,belyy yar,RU,53.6039,91.3903,40.89,60,0,6.71,1635017663
386,correntina,BR,-13.3433,-44.6367,76.82,71,100,5.21,1635017664
387,zhigansk,RU,66.7697,123.3711,21.51,94,100,18.03,1635017665
388,great bend,US,38.3645,-98.7648,80.89,60,75,7,1635017649
389,antalaha,MG,-14.9003,50.2788,74.26,93,77,1.43,1635017667
390,jacqueville,CI,5.2052,-4.4146,80.51,83,89,9.89,1635017667
391,kudeyevskiy,RU,54.8758,56.7567,42.03,85,42,7.74,1635017668
392,mangai,CD,-4.05,19.5333,72.28,90,44,1.68,1635017669
393,fairbanks,US,64.8378,-147.7164,36.3,86,1,0,1635017519
394,pangody,RU,65.85,74.4859,32.38,98,100,11.21,1635017670
395,fortuna,US,40.5982,-124.1573,60.85,78,90,5.01,1635017671
396,loandjili,CG,-4.7561,11.8578,78.12,85,93,6.87,1635017672
397,san carlos de bariloche,AR,-41.1456,-71.3082,53.35,47,40,31.07,1635017612
398,broome,US,42.2506,-75.833,49.37,75,90,1.01,1635017673
399,mangla,PK,31.8931,72.3817,64.83,75,0,14.32,1635017674
400,melbu,NO,68.5044,14.8297,37.31,83,100,4.23,1635017675
401,oranjestad,AW,12.524,-70.027,89.55,62,20,25.32,1635017676
402,whitehorse,CA,60.7161,-135.0538,41.02,64,75,8.99,1635017531
403,shimoda,JP,34.6667,138.95,52.11,67,100,10.02,1635017678
404,chapada dos guimaraes,BR,-15.4606,-55.7497,91.06,40,56,12.62,1635017678
405,college,US,64.8569,-147.8028,36.28,84,75,0,1635017680
406,lavras,BR,-21.2453,-44.9997,79.7,46,56,6.67,1635017681
407,vila velha,BR,-20.3297,-40.2925,78.75,69,40,14.97,1635017508
408,chalisgaon,IN,20.4667,75.0167,71.69,64,11,2.21,1635017682
409,ayan,RU,56.45,138.1667,38.25,71,2,6.51,1635017683
410,nuevo progreso,MX,23.1667,-97.95,88.59,60,65,8.01,1635017684
411,shagonar,RU,51.5333,92.8,35.28,87,95,2.17,1635017684
412,pangkalanbuun,ID,-2.6833,111.6167,73.58,98,100,1.61,1635017686
413,port blair,IN,11.6667,92.75,79,82,96,4.12,1635017687
414,kaeo,NZ,-35.1,173.7833,62.33,98,100,10.36,1635017688
415,abalak,RU,58.1286,68.5944,42.17,75,13,13.89,1635017689
416,belmonte,BR,-15.8631,-38.8828,77.5,91,100,9.84,1635017690
417,ellisras,ZA,-23.6649,27.7443,82.96,10,0,13.69,1635017690
418,datong,CN,40.0936,113.2914,42.69,51,66,3.06,1635017691
419,broken hill,AU,-31.95,141.4333,49.71,66,0,13.8,1635017692
420,umm bab,QA,25.2142,50.8072,76.68,57,0,11.1,1635017693
421,mglin,RU,53.0591,32.8475,42.93,65,99,12.8,1635017694
422,bengkulu,ID,-3.8004,102.2655,76.06,89,69,3.62,1635017608
423,sindor,RU,62.8629,51.8905,30.06,77,87,5.35,1635017695
424,plyussa,RU,58.4308,29.3654,37.53,81,99,10.13,1635017696
425,turkistan,KZ,43,68,48.38,39,7,10.98,1635017696
426,diamantina,BR,-18.2494,-43.6003,69.98,69,45,7.14,1635017697
427,kurilsk,RU,45.2333,147.8833,45.23,64,62,14.76,1635017698
428,rivadavia,AR,-33.1905,-68.4608,72.07,17,0,9.04,1635017624
429,la libertad,EC,-2.2333,-80.9,76.66,73,75,9.22,1635017699
430,el limon,VE,10.3059,-67.6321,80.64,68,76,4.16,1635017701
431,upington,ZA,-28.4478,21.2561,59.38,58,4,3.44,1635017670
432,belaya gora,RU,68.5333,146.4167,-6.95,92,99,4.34,1635017703
433,kainan,JP,34.15,135.2,53.64,68,24,7.18,1635017704
434,sinjar,IQ,36.3209,41.8754,67.64,18,0,10.4,1635017705
435,baculin,PH,7.4525,126.5842,78.31,83,100,5.41,1635017706
436,ketchikan,US,55.3422,-131.6461,43.27,93,90,10.36,1635017492
437,henties bay,NA,-22.116,14.2845,60.85,88,0,11.1,1635017708
438,dinard,FR,48.6314,-2.0614,56.01,77,0,3.44,1635017709
439,yerbogachen,RU,61.2767,108.0108,30.51,81,43,10.04,1635017710
440,goundi,TD,9.3627,17.366,78.69,69,67,4.85,1635017710
441,nizhniy kuranakh,RU,58.8353,125.4869,32.34,87,100,5.1,1635017711
442,los llanos de aridane,ES,28.6585,-17.9182,66.13,74,75,5.99,1635017712
443,abu zabad,SD,12.35,29.25,86.85,37,42,3.29,1635017713
444,morondava,MG,-20.2833,44.2833,72.5,73,0,3.24,1635017714
445,korla,CN,41.7597,86.1469,52.83,34,100,4.36,1635017714
446,along,IN,28.1667,94.7667,63.28,88,14,1.83,1635017715
447,qitaihe,CN,45.8,130.85,38.3,55,0,4.72,1635017716
448,tarko-sale,RU,64.9225,77.785,33.06,99,100,14.99,1635017717
449,gravdal,NO,68.1214,13.5031,39.47,50,100,1.9,1635017718
450,pierre,US,44.3683,-100.351,54.05,50,1,7,1635017720
451,kilindoni,TZ,-7.9139,39.6668,78.03,77,5,12.64,1635017720
452,san onofre,CO,9.7359,-75.5263,84.09,75,95,9.24,1635017721
453,selma,US,36.5708,-119.6121,69.71,55,7,7.78,1635017723
454,palauig,PH,15.435,119.9045,79.7,75,91,5.14,1635017723
455,bonthe,SL,7.5264,-12.505,79.39,82,100,4.79,1635017724
456,omboue,GA,-1.5746,9.2618,76.06,88,96,5.35,1635017725
457,bilibino,RU,68.0546,166.4372,-7.74,100,98,1.01,1635017726
458,crotone,IT,39.0851,17.1178,68.09,88,99,3.22,1635017518
459,wenling,CN,28.3669,121.36,61.92,79,100,9.15,1635017727
460,athenry,IE,53.2964,-8.7431,55.04,93,100,18.72,1635017729
461,lorengau,PG,-2.0226,147.2712,80.82,81,44,9.31,1635017730
462,taihe,CN,30.8712,105.3845,58.87,82,100,0.76,1635017731
463,amga,RU,60.8953,131.9608,21.61,98,100,2.68,1635017732
464,ambilobe,MG,-13.2,49.05,75.76,85,5,3.62,1635017733
465,udachnyy,RU,66.4167,112.4,24.06,85,58,17.6,1635017734
466,arlit,NE,18.7369,7.3853,89.22,11,4,7.76,1635017735
467,port lincoln,AU,-34.7333,135.8667,53.01,79,1,9.42,1635017736
468,barpali,IN,21.2,83.5833,67.91,72,2,1.3,1635017736
469,harrison,US,30.4091,-89.0436,84.31,61,1,10.36,1635017737
470,turbat,PK,26.0023,63.044,75.24,8,0,7.25,1635017738
471,qandala,SO,11.472,49.8728,80.15,61,45,4.7,1635017739
472,assiniboia,CA,49.6334,-105.9845,42.71,60,100,17.27,1635017740
473,kabale,UG,-1.2486,29.9899,60.55,89,100,1.21,1635017741
474,nadym,RU,65.5333,72.5167,34.36,88,100,15.21,1635017742
475,laguna,US,38.421,-121.4238,67.21,70,90,1.99,1635017743
476,qeshm,IR,26.9581,56.2719,78.67,64,0,7.76,1635017744
477,ewa beach,US,21.3156,-158.0072,82.35,56,1,11.5,1635017620
478,ponta delgada,PT,37.7333,-25.6667,68.72,73,20,4.61,1635017745
479,vineland,US,39.4862,-75.0257,65.62,61,40,8.05,1635017746
480,oussouye,SN,12.485,-16.5469,86.18,59,37,4.5,1635017747
481,tenkodogo,BF,11.78,-0.3697,83.55,56,100,8.55,1635017748
482,boali,CF,4.8005,18.1275,72.39,95,84,2.01,1635017749
483,nanortalik,GL,60.1432,-45.2371,35.8,73,38,3.09,1635017750
484,ilhabela,BR,-23.7781,-45.3581,73.15,84,0,8.86,1635017751
485,padang,ID,-0.9492,100.3543,76.53,90,95,2.89,1635017751
486,peleduy,RU,59.6289,112.7406,35.2,89,100,9.48,1635017752
487,paracatu,BR,-17.2222,-46.8747,88.97,33,31,7.58,1635017753
488,nome,US,64.5011,-165.4064,30.27,75,1,4.61,1635017754
489,kalmunai,LK,7.4167,81.8167,78.66,82,37,5.08,1635017755
490,petropavlovsk-kamchatskiy,RU,53.0452,158.6483,27.19,100,75,2.24,1635017755
491,pryazha,RU,61.6926,33.6216,34.83,88,100,8.52,1635017756
492,smithers,CA,54.7804,-127.1743,48.52,66,75,8.05,1635017757
493,luderitz,NA,-26.6481,15.1594,58.46,73,0,18.92,1635017758
494,waitati,NZ,-45.75,170.5667,53.8,80,100,6.64,1635017758
495,aligarh,IN,27.8833,78.0833,72.75,58,0,3.11,1635017759
496,ternate,ID,0.8,127.4,79.86,79,54,4.25,1635017760
497,hazel park,US,42.4625,-83.1041,55.33,62,90,1.01,1635017473
498,mareeba,AU,-17,145.4333,68.72,97,55,2.62,1635017761
499,erenhot,CN,43.6475,111.9767,42.82,37,0,6.53,1635017763
500,cayenne,GF,4.9333,-52.3333,77.09,87,90,1.99,1635017764
501,lufilufi,WS,-13.8745,-171.5986,82.18,68,97,16.75,1635017765
502,ucluelet,CA,48.9329,-125.5528,53.91,91,95,1.01,1635017663
503,visnes,NO,59.3556,5.2242,48.81,76,75,16.11,1635017766
504,rieti,IT,42.4072,12.8592,60.66,100,100,14.97,1635017767
505,roald,NO,62.5833,6.1333,46.09,76,40,17.27,1635017768
506,vieux-habitants,GP,16.0589,-61.7659,85.71,62,8,11.7,1635017769
507,tiksi,RU,71.6872,128.8694,0.63,99,100,6.71,1635017770
508,rudbar,AF,30.15,62.6,58.89,18,0,5.88,1635017592
509,feijo,BR,-8.1642,-70.3536,91.44,48,100,3.89,1635017771
510,zitlala,MX,17.6333,-99.0833,62.29,88,100,5.32,1635017772
511,mizan teferi,ET,6.9833,35.5833,66.69,62,79,2.28,1635017773
512,deurne,BE,51.2085,4.4719,52.02,90,0,3.44,1635017773
513,lagoa,PT,39.05,-27.9833,66.4,68,24,14.09,1635017774
514,ahipara,NZ,-35.1667,173.1667,61.34,97,87,5.88,1635017775
515,bayburt,TR,40.2589,40.2278,43.97,45,0,1.72,1635017776
516,dudinka,RU,69.4058,86.1778,23.58,96,100,6.53,1635017777
517,waingapu,ID,-9.6567,120.2641,77.45,82,69,2.19,1635017777
518,berwick,US,41.0545,-76.2333,57.04,84,100,5.3,1635017775
519,biak,ID,-0.9131,122.8766,75.72,79,99,3.18,1635017779
520,topolobampo,MX,25.6,-109.05,90.05,61,40,13.8,1635017780
521,foz,ES,43.5692,-7.2544,60.08,81,78,2.82,1635017781
522,huntingdon,GB,52.3305,-0.1865,53.92,82,70,5.01,1635017666
523,mundo nuevo,MX,18.7,-95.5,80.82,76,24,8.08,1635017782
524,skjervoy,NO,70.0311,20.9714,34.39,73,100,7.31,1635017783
525,cabedelo,BR,-6.9811,-34.8339,84.87,73,43,10.89,1635017784
526,san carlos,VE,9.6612,-68.5827,88.45,56,56,1.25,1635017785
527,benghazi,LY,32.1167,20.0667,77.81,42,67,13.53,1635017786
528,kiama,AU,-34.6833,150.8667,60.28,94,91,1.01,1635017756
529,rio grande,BR,-32.035,-52.0986,64.51,94,100,9.84,1635017788
530,dodge city,US,37.7528,-100.0171,80.64,46,1,1.99,1635017789
531,berlevag,NO,70.8578,29.0864,36.09,59,100,20.54,1635017789
532,murgab,TM,37.4966,61.9714,48.07,61,0,4.61,1635017790
533,okha,RU,53.5739,142.9478,36.01,98,100,13.89,1635017791
534,arman,RU,59.7,150.1667,20.34,70,100,9.82,1635017792
535,baiyin,CN,36.5583,104.2081,36.48,72,56,1.16,1635017793
536,palmas,BR,-10.2128,-48.3603,82.27,74,40,3.44,1635017793
537,zhigalovo,RU,54.8097,105.1578,32.88,95,93,1.72,1635017794
538,stephenville crossing,CA,48.5,-58.4318,53.73,100,90,0,1635017795
539,yining,CN,29.0361,114.5636,51.37,87,22,0.38,1635017796
540,lens,FR,50.4167,2.8333,51.75,89,10,6.69,1635017796
541,bueu,ES,42.3246,-8.785,59.81,84,0,3.44,1635017797
542,teya,RU,60.3778,92.6267,34.34,93,100,14.34,1635017799
543,hailar,CN,49.2,119.7,32.58,60,0,6.51,1635017799
544,zaozerne,UA,45.1582,33.2787,58.95,69,92,8.81,1635017800
545,half moon bay,US,37.4636,-122.4286,68.41,67,1,1.01,1635017801
546,la primavera,CO,5.4906,-70.4092,85.24,66,93,6.91,1635017802
547,kambove,CD,-10.8764,26.5969,73.33,53,74,3,1635017802
548,tombouctou,ML,20,-3,86.36,20,0,6.71,1635017804
549,kutum,SD,14.2,24.6667,78.94,19,12,15.84,1635017805
